event_url,id,eventId,section,sectionMapName,row,seat,seatFrom,seatTo,seatFromInternal,availableTickets
https://www.stubhub.com/chris-brown-new-orleans-tickets-10-16-2025/event/157970567/?quantity=0,9732612294,157970567,605,605,20,,,,,2
https://www.stubhub.com/chris-brown-new-orleans-tickets-10-16-2025/event/157970567/?quantity=0,-9734668288,157970567,649,,19,,,,,4
https://www.stubhub.com/chris-brown-new-orleans-tickets-10-16-2025/event/157970567/?quantity=0,9721895380,157970567,A,A,2,14_16,,,14,3
https://www.stubhub.com/chris-brown-new-orleans-tickets-10-16-2025/event/157970567/?quantity=0,9609396585,157970567,D,D,2,2_3,,,2,2
https://www.stubhub.com/chris-brown-new-orleans-tickets-10-16-2025/event/157970567/?quantity=0,9728439190,157970567,613,613,38,9_10,,,9,2
https://www.stubhub.com/chris-brown-new-orleans-tickets-10-16-2025/event/157970567/?quantity=0,9398585875,157970567,643,643,36,23_24,23,24,23,2
https://www.stubhub.com/chris-brown-new-orleans-tickets-10-16-2025/event/157970567/?quantity=0,9753461083,157970567,649,649,19,,,,,4
https://www.stubhub.com/chris-brown-new-orleans-tickets-10-16-2025/event/157970567/?quantity=0,9609695034,157970567,606,606,23,21_22,21,22,21,2
https://www.stubhub.com/chris-brown-new-orleans-tickets-10-16-2025/event/157970567/?quantity=0,9722756203,157970567,648,648,20,,,,,4
https://www.stubhub.com/chris-brown-new-orleans-tickets-10-16-2025/event/157970567/?quantity=0,9452657852,157970567,614,614,31,9_10,,,9,2
https://www.stubhub.com/chris-brown-new-orleans-tickets-10-16-2025/event/157970567/?quantity=0,9231265456,157970567,606,606,17,2_6,,,2,5
https://www.stubhub.com/chris-brown-new-orleans-tickets-10-16-2025/event/157970567/?quantity=0,-9648267678,157970567,612,,34,19_18,,,19,0
https://www.stubhub.com/chris-brown-new-orleans-tickets-10-16-2025/event/157970567/?quantity=0,9225955645,157970567,648,648,19,,,,,6
https://www.stubhub.com/chris-brown-new-orleans-tickets-10-16-2025/event/157970567/?quantity=0,9330010577,157970567,613,613,37,9_15,,,9,7
https://www.stubhub.com/chris-brown-new-orleans-tickets-10-16-2025/event/157970567/?quantity=0,9448149540,157970567,605,605,16,3_4,,,3,2
https://www.stubhub.com/chris-brown-new-orleans-tickets-10-16-2025/event/157970567/?quantity=0,9593433234,157970567,643,643,32,4_5,,,4,2
https://www.stubhub.com/chris-brown-new-orleans-tickets-10-16-2025/event/157970567/?quantity=0,9250961265,157970567,646,646,14,1_8,1,8,1,8
https://www.stubhub.com/chris-brown-new-orleans-tickets-10-16-2025/event/157970567/?quantity=0,9593433850,157970567,640,640,33,6_8,,,6,3
https://www.stubhub.com/chris-brown-new-orleans-tickets-10-16-2025/event/157970567/?quantity=0,9593457551,157970567,649,649,20,3_8,,,3,6
https://www.stubhub.com/chris-brown-new-orleans-tickets-10-16-2025/event/157970567/?quantity=0,9745692727,157970567,615,615,28,,,,,6
https://www.stubhub.com/chris-brown-new-orleans-tickets-10-16-2025/event/157970567/?quantity=0,9651541285,157970567,605,605,18,21_26,,,21,6
https://www.stubhub.com/chris-brown-new-orleans-tickets-10-16-2025/event/157970567/?quantity=0,9593431299,157970567,602,602,18,16_18,,,16,3
https://www.stubhub.com/chris-brown-new-orleans-tickets-10-16-2025/event/157970567/?quantity=0,9530764179,157970567,604,604,15,13_19,13,19,13,7
https://www.stubhub.com/chris-brown-new-orleans-tickets-10-16-2025/event/157970567/?quantity=0,9664838933,157970567,650,650,19,7_8,7,8,7,2
https://www.stubhub.com/chris-brown-new-orleans-tickets-10-16-2025/event/157970567/?quantity=0,9593444150,157970567,648,648,17,1_8,,,1,8
https://www.stubhub.com/chris-brown-new-orleans-tickets-10-16-2025/event/157970567/?quantity=0,9620768873,157970567,651,651,15,17_18,17,18,17,2
https://www.stubhub.com/chris-brown-new-orleans-tickets-10-16-2025/event/157970567/?quantity=0,9564558940,157970567,615,615,26,,,,,4
https://www.stubhub.com/chris-brown-new-orleans-tickets-10-16-2025/event/157970567/?quantity=0,9380875300,157970567,650,650,15,3_6,3,6,3,4
https://www.stubhub.com/chris-brown-new-orleans-tickets-10-16-2025/event/157970567/?quantity=0,9415966531,157970567,614,614,23,7_12,7,12,7,6
https://www.stubhub.com/chris-brown-new-orleans-tickets-10-16-2025/event/157970567/?quantity=0,9223358149,157970567,643,643,31,,,,,2
https://www.stubhub.com/chris-brown-new-orleans-tickets-10-16-2025/event/157970567/?quantity=0,9749607864,157970567,603,603,15,1_4,1,4,1,4
https://www.stubhub.com/chris-brown-new-orleans-tickets-10-16-2025/event/157970567/?quantity=0,-9740370530,157970567,155C,,3,7_6,,,7,0
https://www.stubhub.com/chris-brown-new-orleans-tickets-10-16-2025/event/157970567/?quantity=0,9662108100,157970567,652,652,18,,,,,2
https://www.stubhub.com/chris-brown-new-orleans-tickets-10-16-2025/event/157970567/?quantity=0,9637561178,157970567,649,649,16,3_4,3,4,3,2
https://www.stubhub.com/chris-brown-new-orleans-tickets-10-16-2025/event/157970567/?quantity=0,9517386755,157970567,652,652,15,16_17,16,17,16,2
https://www.stubhub.com/chris-brown-new-orleans-tickets-10-16-2025/event/157970567/?quantity=0,9284795219,157970567,612,612,42,9_14,9,14,9,6
https://www.stubhub.com/chris-brown-new-orleans-tickets-10-16-2025/event/157970567/?quantity=0,9244911995,157970567,612,612,37,1_6,,,1,6
https://www.stubhub.com/chris-brown-new-orleans-tickets-10-16-2025/event/157970567/?quantity=0,9637561175,157970567,649,649,15,18_25,18,25,18,8
https://www.stubhub.com/chris-brown-new-orleans-tickets-10-16-2025/event/157970567/?quantity=0,9413053514,157970567,647,647,30,4_5,4,5,4,2
https://www.stubhub.com/chris-brown-new-orleans-tickets-10-16-2025/event/157970567/?quantity=0,9678621434,157970567,602,602,15,5_6,5,6,5,2
https://www.stubhub.com/chris-brown-new-orleans-tickets-10-16-2025/event/157970567/?quantity=0,9284795224,157970567,611,611,42,1_8,1,8,1,8
https://www.stubhub.com/chris-brown-new-orleans-tickets-10-16-2025/event/157970567/?quantity=0,9564565452,157970567,639,639,26,,,,,6
https://www.stubhub.com/chris-brown-new-orleans-tickets-10-16-2025/event/157970567/?quantity=0,-9593445848,157970567,104,,24,19_18,,,19,0
https://www.stubhub.com/chris-brown-new-orleans-tickets-10-16-2025/event/157970567/?quantity=0,9649320109,157970567,641,641,33,12_16,12,16,12,5
https://www.stubhub.com/chris-brown-new-orleans-tickets-10-16-2025/event/157970567/?quantity=0,9532868587,157970567,612,612,35,21_22,,,21,2
https://www.stubhub.com/chris-brown-new-orleans-tickets-10-16-2025/event/157970567/?quantity=0,9222581776,157970567,613,613,34,17_24,17,24,17,8
https://www.stubhub.com/chris-brown-new-orleans-tickets-10-16-2025/event/157970567/?quantity=0,9413053511,157970567,647,647,29,1_4,1,4,1,4
https://www.stubhub.com/chris-brown-new-orleans-tickets-10-16-2025/event/157970567/?quantity=0,9223366478,157970567,644,644,31,,,,,2
https://www.stubhub.com/chris-brown-new-orleans-tickets-10-16-2025/event/157970567/?quantity=0,9223347291,157970567,612,612,33,,,,,4
https://www.stubhub.com/chris-brown-new-orleans-tickets-10-16-2025/event/157970567/?quantity=0,9637561174,157970567,648,648,15,1_8,1,8,1,8
https://www.stubhub.com/chris-brown-new-orleans-tickets-10-16-2025/event/157970567/?quantity=0,9413095043,157970567,651,651,14,11_12,11,12,11,2
https://www.stubhub.com/chris-brown-new-orleans-tickets-10-16-2025/event/157970567/?quantity=0,9637561177,157970567,606,606,15,5_12,5,12,5,8
https://www.stubhub.com/chris-brown-new-orleans-tickets-10-16-2025/event/157970567/?quantity=0,9244537367,157970567,641,641,18,9_10,9,10,9,2
https://www.stubhub.com/chris-brown-new-orleans-tickets-10-16-2025/event/157970567/?quantity=0,-9713284687,157970567,142,,18,9_12,,,9,4
https://www.stubhub.com/chris-brown-new-orleans-tickets-10-16-2025/event/157970567/?quantity=0,9499990096,157970567,640,640,32,16_17,16,17,16,2
https://www.stubhub.com/chris-brown-new-orleans-tickets-10-16-2025/event/157970567/?quantity=0,9609695111,157970567,608,608,29,5_6,5,6,5,2
https://www.stubhub.com/chris-brown-new-orleans-tickets-10-16-2025/event/157970567/?quantity=0,9413095060,157970567,602,602,14,4_5,4,5,4,2
https://www.stubhub.com/chris-brown-new-orleans-tickets-10-16-2025/event/157970567/?quantity=0,9637561180,157970567,605,605,15,1_8,1,8,1,8
https://www.stubhub.com/chris-brown-new-orleans-tickets-10-16-2025/event/157970567/?quantity=0,9471219026,157970567,608,608,28,1_2,1,2,1,2
https://www.stubhub.com/chris-brown-new-orleans-tickets-10-16-2025/event/157970567/?quantity=0,9413053467,157970567,647,647,20,6_13,6,13,6,8
https://www.stubhub.com/chris-brown-new-orleans-tickets-10-16-2025/event/157970567/?quantity=0,9222813101,157970567,645,645,26,23_25,23,25,23,3
https://www.stubhub.com/chris-brown-new-orleans-tickets-10-16-2025/event/157970567/?quantity=0,9222813028,157970567,608,608,26,7_10,7,10,7,4
https://www.stubhub.com/chris-brown-new-orleans-tickets-10-16-2025/event/157970567/?quantity=0,9599180517,157970567,652,652,13,,,,,3
https://www.stubhub.com/chris-brown-new-orleans-tickets-10-16-2025/event/157970567/?quantity=0,9255243669,157970567,615,615,11,,,,,2
https://www.stubhub.com/chris-brown-new-orleans-tickets-10-16-2025/event/157970567/?quantity=0,9246077621,157970567,644,644,19,,,,,2
https://www.stubhub.com/chris-brown-new-orleans-tickets-10-16-2025/event/157970567/?quantity=0,9745692771,157970567,640,640,28,,,,,4
https://www.stubhub.com/chris-brown-new-orleans-tickets-10-16-2025/event/157970567/?quantity=0,9473633886,157970567,603,603,14,11_12,11,12,11,2
https://www.stubhub.com/chris-brown-new-orleans-tickets-10-16-2025/event/157970567/?quantity=0,9222568363,157970567,613,613,32,18_23,,,18,6
https://www.stubhub.com/chris-brown-new-orleans-tickets-10-16-2025/event/157970567/?quantity=0,9609695059,157970567,607,607,27,1_2,1,2,1,2
https://www.stubhub.com/chris-brown-new-orleans-tickets-10-16-2025/event/157970567/?quantity=0,9246077622,157970567,610,610,38,,,,,2
https://www.stubhub.com/chris-brown-new-orleans-tickets-10-16-2025/event/157970567/?quantity=0,9269804295,157970567,610,610,27,,,,,2
https://www.stubhub.com/chris-brown-new-orleans-tickets-10-16-2025/event/157970567/?quantity=0,9244560854,157970567,643,643,19,19_20,19,20,19,2
https://www.stubhub.com/chris-brown-new-orleans-tickets-10-16-2025/event/157970567/?quantity=0,9222655869,157970567,642,642,32,13_18,,,13,6
https://www.stubhub.com/chris-brown-new-orleans-tickets-10-16-2025/event/157970567/?quantity=0,9222751603,157970567,611,611,32,13_15,13,15,13,3
https://www.stubhub.com/chris-brown-new-orleans-tickets-10-16-2025/event/157970567/?quantity=0,9609695039,157970567,604,604,14,10_11,10,11,10,2
https://www.stubhub.com/chris-brown-new-orleans-tickets-10-16-2025/event/157970567/?quantity=0,9413053464,157970567,645,645,20,1_8,1,8,1,8
https://www.stubhub.com/chris-brown-new-orleans-tickets-10-16-2025/event/157970567/?quantity=0,9244560850,157970567,642,642,20,1_2,1,2,1,2
https://www.stubhub.com/chris-brown-new-orleans-tickets-10-16-2025/event/157970567/?quantity=0,9508760854,157970567,648,648,11,,,,,1
https://www.stubhub.com/chris-brown-new-orleans-tickets-10-16-2025/event/157970567/?quantity=0,9508760873,157970567,640,640,24,,,,,1
https://www.stubhub.com/chris-brown-new-orleans-tickets-10-16-2025/event/157970567/?quantity=0,9508760885,157970567,640,640,23,,,,,1
https://www.stubhub.com/chris-brown-new-orleans-tickets-10-16-2025/event/157970567/?quantity=0,9708458303,157970567,608,608,20,,,,,1
https://www.stubhub.com/chris-brown-new-orleans-tickets-10-16-2025/event/157970567/?quantity=0,9753303757,157970567,613,613,25,,,,,1
https://www.stubhub.com/chris-brown-new-orleans-tickets-10-16-2025/event/157970567/?quantity=0,9754524790,157970567,610,610,23,,,,,1
https://www.stubhub.com/chris-brown-new-orleans-tickets-10-16-2025/event/157970567/?quantity=0,9422123393,157970567,647,647,13,18_19,18,19,18,2
https://www.stubhub.com/chris-brown-new-orleans-tickets-10-16-2025/event/157970567/?quantity=0,9720662078,157970567,607,607,20,500_500,,,500,1
https://www.stubhub.com/chris-brown-new-orleans-tickets-10-16-2025/event/157970567/?quantity=0,9734196826,157970567,645,645,13,14_18,14,18,14,5
https://www.stubhub.com/chris-brown-new-orleans-tickets-10-16-2025/event/157970567/?quantity=0,9599180290,157970567,601,601,14,,,,,3
https://www.stubhub.com/chris-brown-new-orleans-tickets-10-16-2025/event/157970567/?quantity=0,9609695043,157970567,605,605,14,1_2,1,2,1,2
https://www.stubhub.com/chris-brown-new-orleans-tickets-10-16-2025/event/157970567/?quantity=0,9413095085,157970567,609,609,13,3_8,3,8,3,6
https://www.stubhub.com/chris-brown-new-orleans-tickets-10-16-2025/event/157970567/?quantity=0,9751178436,157970567,612,612,27,,,,,8
https://www.stubhub.com/chris-brown-new-orleans-tickets-10-16-2025/event/157970567/?quantity=0,9752561087,157970567,612,612,28,,,,,8
https://www.stubhub.com/chris-brown-new-orleans-tickets-10-16-2025/event/157970567/?quantity=0,9754436665,157970567,612,612,26,,,,,8
https://www.stubhub.com/chris-brown-new-orleans-tickets-10-16-2025/event/157970567/?quantity=0,9620009276,157970567,603,603,13,14_15,14,15,14,2
https://www.stubhub.com/chris-brown-new-orleans-tickets-10-16-2025/event/157970567/?quantity=0,9530013469,157970567,602,602,9,12_16,12,16,12,5
https://www.stubhub.com/chris-brown-new-orleans-tickets-10-16-2025/event/157970567/?quantity=0,9413663569,157970567,610,610,19,16_23,16,23,16,8
https://www.stubhub.com/chris-brown-new-orleans-tickets-10-16-2025/event/157970567/?quantity=0,9305450851,157970567,607,607,18,19_19,,,19,1
https://www.stubhub.com/chris-brown-new-orleans-tickets-10-16-2025/event/157970567/?quantity=0,9301564333,157970567,614,614,18,3_3,,,3,1
https://www.stubhub.com/chris-brown-new-orleans-tickets-10-16-2025/event/157970567/?quantity=0,9303085160,157970567,614,614,20,2_2,,,2,1
https://www.stubhub.com/chris-brown-new-orleans-tickets-10-16-2025/event/157970567/?quantity=0,9300668666,157970567,640,640,16,3_3,,,3,1
https://www.stubhub.com/chris-brown-new-orleans-tickets-10-16-2025/event/157970567/?quantity=0,9302696854,157970567,612,612,25,17_17,,,17,1
https://www.stubhub.com/chris-brown-new-orleans-tickets-10-16-2025/event/157970567/?quantity=0,9413095084,157970567,646,646,13,19_20,19,20,19,2
https://www.stubhub.com/chris-brown-new-orleans-tickets-10-16-2025/event/157970567/?quantity=0,9733403434,157970567,651,651,13,11_12,11,12,11,2
https://www.stubhub.com/chris-brown-new-orleans-tickets-10-16-2025/event/157970567/?quantity=0,9609697646,157970567,611,611,19,15_22,15,22,15,8
https://www.stubhub.com/chris-brown-new-orleans-tickets-10-16-2025/event/157970567/?quantity=0,9251489485,157970567,644,644,8,,,,,4
https://www.stubhub.com/chris-brown-new-orleans-tickets-10-16-2025/event/157970567/?quantity=0,9413663552,157970567,603,603,9,3_10,3,10,3,8
https://www.stubhub.com/chris-brown-new-orleans-tickets-10-16-2025/event/157970567/?quantity=0,9609697635,157970567,612,612,19,15_22,15,22,15,8
https://www.stubhub.com/chris-brown-new-orleans-tickets-10-16-2025/event/157970567/?quantity=0,9273585075,157970567,650,650,1,,,,,3
https://www.stubhub.com/chris-brown-new-orleans-tickets-10-16-2025/event/157970567/?quantity=0,9609697642,157970567,613,613,19,1_8,1,8,1,8
https://www.stubhub.com/chris-brown-new-orleans-tickets-10-16-2025/event/157970567/?quantity=0,9420490684,157970567,604,604,9,9_12,9,12,9,4
https://www.stubhub.com/chris-brown-new-orleans-tickets-10-16-2025/event/157970567/?quantity=0,9413095074,157970567,608,608,13,1_2,1,2,1,2
https://www.stubhub.com/chris-brown-new-orleans-tickets-10-16-2025/event/157970567/?quantity=0,9269804215,157970567,639,639,8,,,,,2
https://www.stubhub.com/chris-brown-new-orleans-tickets-10-16-2025/event/157970567/?quantity=0,9677572528,157970567,607,607,13,,,,,1
https://www.stubhub.com/chris-brown-new-orleans-tickets-10-16-2025/event/157970567/?quantity=0,9508760819,157970567,608,608,11,,,,,1
https://www.stubhub.com/chris-brown-new-orleans-tickets-10-16-2025/event/157970567/?quantity=0,9710027324,157970567,651,651,5,,,,,1
https://www.stubhub.com/chris-brown-new-orleans-tickets-10-16-2025/event/157970567/?quantity=0,9728268431,157970567,604,604,3,,,,,1
https://www.stubhub.com/chris-brown-new-orleans-tickets-10-16-2025/event/157970567/?quantity=0,9508760785,157970567,651,651,10,,,,,1
https://www.stubhub.com/chris-brown-new-orleans-tickets-10-16-2025/event/157970567/?quantity=0,9508760787,157970567,651,651,9,,,,,1
https://www.stubhub.com/chris-brown-new-orleans-tickets-10-16-2025/event/157970567/?quantity=0,9526940898,157970567,651,651,12,,,,,1
https://www.stubhub.com/chris-brown-new-orleans-tickets-10-16-2025/event/157970567/?quantity=0,9508760831,157970567,649,649,7,,,,,1
https://www.stubhub.com/chris-brown-new-orleans-tickets-10-16-2025/event/157970567/?quantity=0,9651984864,157970567,605,605,8,,,,,1
https://www.stubhub.com/chris-brown-new-orleans-tickets-10-16-2025/event/157970567/?quantity=0,9508760844,157970567,605,605,10,,,,,1
https://www.stubhub.com/chris-brown-new-orleans-tickets-10-16-2025/event/157970567/?quantity=0,9571901328,157970567,649,649,10,,,,,1
https://www.stubhub.com/chris-brown-new-orleans-tickets-10-16-2025/event/157970567/?quantity=0,9710027322,157970567,606,606,9,,,,,1
https://www.stubhub.com/chris-brown-new-orleans-tickets-10-16-2025/event/157970567/?quantity=0,9710027323,157970567,605,605,9,,,,,1
https://www.stubhub.com/chris-brown-new-orleans-tickets-10-16-2025/event/157970567/?quantity=0,9508760821,157970567,608,608,12,,,,,1
https://www.stubhub.com/chris-brown-new-orleans-tickets-10-16-2025/event/157970567/?quantity=0,9508760845,157970567,646,646,12,,,,,1
https://www.stubhub.com/chris-brown-new-orleans-tickets-10-16-2025/event/157970567/?quantity=0,9508760837,157970567,606,606,10,,,,,1
https://www.stubhub.com/chris-brown-new-orleans-tickets-10-16-2025/event/157970567/?quantity=0,9609697723,157970567,648,648,9,2_3,2,3,2,2
https://www.stubhub.com/chris-brown-new-orleans-tickets-10-16-2025/event/157970567/?quantity=0,9742371299,157970567,642,642,8,,,,,2
https://www.stubhub.com/chris-brown-new-orleans-tickets-10-16-2025/event/157970567/?quantity=0,9229832484,157970567,641,641,14,21_21,21,21,21,1
https://www.stubhub.com/chris-brown-new-orleans-tickets-10-16-2025/event/157970567/?quantity=0,9269797263,157970567,615,615,10,,,,,2
https://www.stubhub.com/chris-brown-new-orleans-tickets-10-16-2025/event/157970567/?quantity=0,9599180520,157970567,649,649,3,,,,,7
https://www.stubhub.com/chris-brown-new-orleans-tickets-10-16-2025/event/157970567/?quantity=0,9733346392,157970567,641,641,9,,,,,5
https://www.stubhub.com/chris-brown-new-orleans-tickets-10-16-2025/event/157970567/?quantity=0,9625938838,157970567,641,641,12,,,,,6
https://www.stubhub.com/chris-brown-new-orleans-tickets-10-16-2025/event/157970567/?quantity=0,9751178439,157970567,614,614,12,,,,,8
https://www.stubhub.com/chris-brown-new-orleans-tickets-10-16-2025/event/157970567/?quantity=0,9751178447,157970567,611,611,8,,,,,8
https://www.stubhub.com/chris-brown-new-orleans-tickets-10-16-2025/event/157970567/?quantity=0,9712855932,157970567,612,612,9,,,,,8
https://www.stubhub.com/chris-brown-new-orleans-tickets-10-16-2025/event/157970567/?quantity=0,9751178448,157970567,610,610,9,,,,,8
https://www.stubhub.com/chris-brown-new-orleans-tickets-10-16-2025/event/157970567/?quantity=0,9593977869,157970567,610,610,10,,,,,3
https://www.stubhub.com/chris-brown-new-orleans-tickets-10-16-2025/event/157970567/?quantity=0,9594587084,157970567,614,614,13,,,,,6
https://www.stubhub.com/chris-brown-new-orleans-tickets-10-16-2025/event/157970567/?quantity=0,9619703440,157970567,611,611,11,,,,,8
https://www.stubhub.com/chris-brown-new-orleans-tickets-10-16-2025/event/157970567/?quantity=0,9521550410,157970567,614,614,15,,,,,8
https://www.stubhub.com/chris-brown-new-orleans-tickets-10-16-2025/event/157970567/?quantity=0,9666561960,157970567,640,640,13,,,,,8
https://www.stubhub.com/chris-brown-new-orleans-tickets-10-16-2025/event/157970567/?quantity=0,9711049665,157970567,613,613,11,,,,,8
https://www.stubhub.com/chris-brown-new-orleans-tickets-10-16-2025/event/157970567/?quantity=0,9542871543,157970567,643,643,12,,,,,3
https://www.stubhub.com/chris-brown-new-orleans-tickets-10-16-2025/event/157970567/?quantity=0,9611431816,157970567,640,640,14,,,,,4
https://www.stubhub.com/chris-brown-new-orleans-tickets-10-16-2025/event/157970567/?quantity=0,9631818400,157970567,612,612,11,,,,,8
https://www.stubhub.com/chris-brown-new-orleans-tickets-10-16-2025/event/157970567/?quantity=0,9751178440,157970567,610,610,12,,,,,8
https://www.stubhub.com/chris-brown-new-orleans-tickets-10-16-2025/event/157970567/?quantity=0,9497477449,157970567,611,611,15,,,,,8
https://www.stubhub.com/chris-brown-new-orleans-tickets-10-16-2025/event/157970567/?quantity=0,9732612822,157970567,643,643,14,,,,,8
https://www.stubhub.com/chris-brown-new-orleans-tickets-10-16-2025/event/157970567/?quantity=0,9739426240,157970567,612,612,14,,,,,8
https://www.stubhub.com/chris-brown-new-orleans-tickets-10-16-2025/event/157970567/?quantity=0,9751178433,157970567,613,613,14,,,,,8
https://www.stubhub.com/chris-brown-new-orleans-tickets-10-16-2025/event/157970567/?quantity=0,9751178443,157970567,613,613,15,,,,,8
https://www.stubhub.com/chris-brown-new-orleans-tickets-10-16-2025/event/157970567/?quantity=0,9637717188,157970567,643,643,10,,,,,3
https://www.stubhub.com/chris-brown-new-orleans-tickets-10-16-2025/event/157970567/?quantity=0,9697720686,157970567,652,652,9,8_9,8,9,8,2
https://www.stubhub.com/chris-brown-new-orleans-tickets-10-16-2025/event/157970567/?quantity=0,9714370270,157970567,602,602,8,3_4,3,4,3,2
https://www.stubhub.com/chris-brown-new-orleans-tickets-10-16-2025/event/157970567/?quantity=0,9692375766,157970567,612,612,8,,,,,1
https://www.stubhub.com/chris-brown-new-orleans-tickets-10-16-2025/event/157970567/?quantity=0,9423055162,157970567,614,614,8,8_9,8,9,8,2
https://www.stubhub.com/chris-brown-new-orleans-tickets-10-16-2025/event/157970567/?quantity=0,9269797325,157970567,615,615,8,,,,,2
https://www.stubhub.com/chris-brown-new-orleans-tickets-10-16-2025/event/157970567/?quantity=0,9676798471,157970567,601,601,13,15_16,15,16,15,2
https://www.stubhub.com/chris-brown-new-orleans-tickets-10-16-2025/event/157970567/?quantity=0,9742371439,157970567,610,610,7,,,,,2
https://www.stubhub.com/chris-brown-new-orleans-tickets-10-16-2025/event/157970567/?quantity=0,9636981635,157970567,506WC,506WC,1,14_15,,,14,2
https://www.stubhub.com/chris-brown-new-orleans-tickets-10-16-2025/event/157970567/?quantity=0,9623529649,157970567,545,545,1,15_15,,,15,1
https://www.stubhub.com/chris-brown-new-orleans-tickets-10-16-2025/event/157970567/?quantity=0,9742371448,157970567,605,605,4,,,,,3
https://www.stubhub.com/chris-brown-new-orleans-tickets-10-16-2025/event/157970567/?quantity=0,9599180405,157970567,605,605,2,,,,,2
https://www.stubhub.com/chris-brown-new-orleans-tickets-10-16-2025/event/157970567/?quantity=0,9519980368,157970567,501,501,3,23_23,23,23,23,1
https://www.stubhub.com/chris-brown-new-orleans-tickets-10-16-2025/event/157970567/?quantity=0,9745852424,157970567,Terrace Level 642,,36,,,,,4
https://www.stubhub.com/chris-brown-new-orleans-tickets-10-16-2025/event/157970567/?quantity=0,9745852430,157970567,Terrace Level 641,,36,,,,,4
https://www.stubhub.com/chris-brown-new-orleans-tickets-10-16-2025/event/157970567/?quantity=0,9745852483,157970567,Terrace Level 612,,43,,,,,4
https://www.stubhub.com/chris-brown-new-orleans-tickets-10-16-2025/event/157970567/?quantity=0,9745852485,157970567,Terrace Level 610,,38,,,,,4
https://www.stubhub.com/chris-brown-new-orleans-tickets-10-16-2025/event/157970567/?quantity=0,9745852492,157970567,Terrace Level 611,,43,,,,,4
https://www.stubhub.com/chris-brown-new-orleans-tickets-10-16-2025/event/157970567/?quantity=0,9599180307,157970567,603,603,4,,,,,2
https://www.stubhub.com/chris-brown-new-orleans-tickets-10-16-2025/event/157970567/?quantity=0,9722258912,157970567,506,,1,19_20,19,20,19,2
https://www.stubhub.com/chris-brown-new-orleans-tickets-10-16-2025/event/157970567/?quantity=0,9599180321,157970567,602,602,5,,,,,4
https://www.stubhub.com/chris-brown-new-orleans-tickets-10-16-2025/event/157970567/?quantity=0,9599180364,157970567,652,652,5,,,,,8
https://www.stubhub.com/chris-brown-new-orleans-tickets-10-16-2025/event/157970567/?quantity=0,9558434185,157970567,559,559,3,17_18,17,18,17,2
https://www.stubhub.com/chris-brown-new-orleans-tickets-10-16-2025/event/157970567/?quantity=0,9731140075,157970567,648,648,7,15_16,,,15,2
https://www.stubhub.com/chris-brown-new-orleans-tickets-10-16-2025/event/157970567/?quantity=0,9414053457,157970567,551,551,5,,,,,1
https://www.stubhub.com/chris-brown-new-orleans-tickets-10-16-2025/event/157970567/?quantity=0,9742371330,157970567,605,605,1,,,,,2
https://www.stubhub.com/chris-brown-new-orleans-tickets-10-16-2025/event/157970567/?quantity=0,9743954456,157970567,547,547,2,,,,,5
https://www.stubhub.com/chris-brown-new-orleans-tickets-10-16-2025/event/157970567/?quantity=0,9592979972,157970567,515,515,3,,,,,6
https://www.stubhub.com/chris-brown-new-orleans-tickets-10-16-2025/event/157970567/?quantity=0,9569223097,157970567,547,547,4,,,,,8
https://www.stubhub.com/chris-brown-new-orleans-tickets-10-16-2025/event/157970567/?quantity=0,9589384889,157970567,517,517,2,,,,,2
https://www.stubhub.com/chris-brown-new-orleans-tickets-10-16-2025/event/157970567/?quantity=0,9631818407,157970567,547,547,5,,,,,8
https://www.stubhub.com/chris-brown-new-orleans-tickets-10-16-2025/event/157970567/?quantity=0,9557473111,157970567,515,515,6,,,,,8
https://www.stubhub.com/chris-brown-new-orleans-tickets-10-16-2025/event/157970567/?quantity=0,9587158617,157970567,551,551,2,,,,,8
https://www.stubhub.com/chris-brown-new-orleans-tickets-10-16-2025/event/157970567/?quantity=0,9663987878,157970567,511,511,2,,,,,6
https://www.stubhub.com/chris-brown-new-orleans-tickets-10-16-2025/event/157970567/?quantity=0,9662296383,157970567,517,517,4,,,,,8
https://www.stubhub.com/chris-brown-new-orleans-tickets-10-16-2025/event/157970567/?quantity=0,9722205794,157970567,551,551,3,,,,,8
https://www.stubhub.com/chris-brown-new-orleans-tickets-10-16-2025/event/157970567/?quantity=0,9732879409,157970567,513,513,3,,,,,8
https://www.stubhub.com/chris-brown-new-orleans-tickets-10-16-2025/event/157970567/?quantity=0,9497476835,157970567,511,511,4,,,,,8
https://www.stubhub.com/chris-brown-new-orleans-tickets-10-16-2025/event/157970567/?quantity=0,9733157915,157970567,549,549,4,,,,,8
https://www.stubhub.com/chris-brown-new-orleans-tickets-10-16-2025/event/157970567/?quantity=0,9631818408,157970567,513,513,5,,,,,8
https://www.stubhub.com/chris-brown-new-orleans-tickets-10-16-2025/event/157970567/?quantity=0,9631818402,157970567,513,513,6,,,,,8
https://www.stubhub.com/chris-brown-new-orleans-tickets-10-16-2025/event/157970567/?quantity=0,9497476609,157970567,549,549,6,,,,,8
https://www.stubhub.com/chris-brown-new-orleans-tickets-10-16-2025/event/157970567/?quantity=0,9497476808,157970567,511,511,6,,,,,8
https://www.stubhub.com/chris-brown-new-orleans-tickets-10-16-2025/event/157970567/?quantity=0,9710550908,157970567,517,517,6,,,,,8
https://www.stubhub.com/chris-brown-new-orleans-tickets-10-16-2025/event/157970567/?quantity=0,9699317543,157970567,553,553,3,,,,,8
https://www.stubhub.com/chris-brown-new-orleans-tickets-10-16-2025/event/157970567/?quantity=0,9697209845,157970567,509,509,3,,,,,8
https://www.stubhub.com/chris-brown-new-orleans-tickets-10-16-2025/event/157970567/?quantity=0,9497476913,157970567,554,554,3,,,,,3
https://www.stubhub.com/chris-brown-new-orleans-tickets-10-16-2025/event/157970567/?quantity=0,9595051084,157970567,507,507,4,,,,,8
https://www.stubhub.com/chris-brown-new-orleans-tickets-10-16-2025/event/157970567/?quantity=0,9699317546,157970567,553,553,4,,,,,8
https://www.stubhub.com/chris-brown-new-orleans-tickets-10-16-2025/event/157970567/?quantity=0,9652925456,157970567,554,554,4,,,,,8
https://www.stubhub.com/chris-brown-new-orleans-tickets-10-16-2025/event/157970567/?quantity=0,9497476954,157970567,507,507,5,,,,,8
https://www.stubhub.com/chris-brown-new-orleans-tickets-10-16-2025/event/157970567/?quantity=0,9497477167,157970567,553,553,5,,,,,8
https://www.stubhub.com/chris-brown-new-orleans-tickets-10-16-2025/event/157970567/?quantity=0,9702175642,157970567,509,509,5,,,,,8
https://www.stubhub.com/chris-brown-new-orleans-tickets-10-16-2025/event/157970567/?quantity=0,9497477366,157970567,554,554,5,,,,,8
https://www.stubhub.com/chris-brown-new-orleans-tickets-10-16-2025/event/157970567/?quantity=0,9673125058,157970567,507,507,2,,,,,4
https://www.stubhub.com/chris-brown-new-orleans-tickets-10-16-2025/event/157970567/?quantity=0,9223316043,157970567,553,553,2,1_8,1,8,1,8
https://www.stubhub.com/chris-brown-new-orleans-tickets-10-16-2025/event/157970567/?quantity=0,9754204735,157970567,515,515,2,,,,,2
https://www.stubhub.com/chris-brown-new-orleans-tickets-10-16-2025/event/157970567/?quantity=0,9681553052,157970567,547,547,1,3_8,3,8,3,6
https://www.stubhub.com/chris-brown-new-orleans-tickets-10-16-2025/event/157970567/?quantity=0,9729083693,157970567,549,549,2,,,,,3
https://www.stubhub.com/chris-brown-new-orleans-tickets-10-16-2025/event/157970567/?quantity=0,9609396616,157970567,601,601,7,13_14,,,13,2
https://www.stubhub.com/chris-brown-new-orleans-tickets-10-16-2025/event/157970567/?quantity=0,9619117535,157970567,347,347,15,5_6,5,6,5,2
https://www.stubhub.com/chris-brown-new-orleans-tickets-10-16-2025/event/157970567/?quantity=0,9609396618,157970567,601,601,6,18_18,,,18,1
https://www.stubhub.com/chris-brown-new-orleans-tickets-10-16-2025/event/157970567/?quantity=0,9704963014,157970567,302,302,14,18_19,,,18,2
https://www.stubhub.com/chris-brown-new-orleans-tickets-10-16-2025/event/157970567/?quantity=0,9732483411,157970567,344,344,7,16_17,16,17,16,2
https://www.stubhub.com/chris-brown-new-orleans-tickets-10-16-2025/event/157970567/?quantity=0,9599180588,157970567,344C,344C,15,,,,,2
https://www.stubhub.com/chris-brown-new-orleans-tickets-10-16-2025/event/157970567/?quantity=0,9689269836,157970567,109,109,31,14_16,,,14,3
https://www.stubhub.com/chris-brown-new-orleans-tickets-10-16-2025/event/157970567/?quantity=0,9593437659,157970567,147,147,33,30_31,,,30,2
https://www.stubhub.com/chris-brown-new-orleans-tickets-10-16-2025/event/157970567/?quantity=0,9593456570,157970567,147,147,33,7_8,,,7,2
https://www.stubhub.com/chris-brown-new-orleans-tickets-10-16-2025/event/157970567/?quantity=0,9749667747,157970567,147,147,31,,,,,8
https://www.stubhub.com/chris-brown-new-orleans-tickets-10-16-2025/event/157970567/?quantity=0,9284896679,157970567,342,342,17,15_16,15,16,15,2
https://www.stubhub.com/chris-brown-new-orleans-tickets-10-16-2025/event/157970567/?quantity=0,9576352411,157970567,149,149,31,4_6,,,4,3
https://www.stubhub.com/chris-brown-new-orleans-tickets-10-16-2025/event/157970567/?quantity=0,9612665135,157970567,149,149,32,14_16,,,14,3
https://www.stubhub.com/chris-brown-new-orleans-tickets-10-16-2025/event/157970567/?quantity=0,9593445336,157970567,109,109,33,1_2,,,1,2
https://www.stubhub.com/chris-brown-new-orleans-tickets-10-16-2025/event/157970567/?quantity=0,9693965372,157970567,336,336,10,1_1,,,1,1
https://www.stubhub.com/chris-brown-new-orleans-tickets-10-16-2025/event/157970567/?quantity=0,9284896784,157970567,340,340,17,11_12,11,12,11,2
https://www.stubhub.com/chris-brown-new-orleans-tickets-10-16-2025/event/157970567/?quantity=0,9599180262,157970567,347,347,14,,,,,2
https://www.stubhub.com/chris-brown-new-orleans-tickets-10-16-2025/event/157970567/?quantity=0,9294601850,157970567,308,308,17,6_11,6,11,6,6
https://www.stubhub.com/chris-brown-new-orleans-tickets-10-16-2025/event/157970567/?quantity=0,9593454165,157970567,149,149,32,5_6,,,5,2
https://www.stubhub.com/chris-brown-new-orleans-tickets-10-16-2025/event/157970567/?quantity=0,9593437762,157970567,109,109,33,20_21,,,20,2
https://www.stubhub.com/chris-brown-new-orleans-tickets-10-16-2025/event/157970567/?quantity=0,9576352419,157970567,109,109,31,27_34,,,27,8
https://www.stubhub.com/chris-brown-new-orleans-tickets-10-16-2025/event/157970567/?quantity=0,9310899580,157970567,306,306,17,4_5,4,5,4,2
https://www.stubhub.com/chris-brown-new-orleans-tickets-10-16-2025/event/157970567/?quantity=0,9260801935,157970567,346,346,16,11_12,11,12,11,2
https://www.stubhub.com/chris-brown-new-orleans-tickets-10-16-2025/event/157970567/?quantity=0,9593446910,157970567,147,147,32,31_32,,,31,2
https://www.stubhub.com/chris-brown-new-orleans-tickets-10-16-2025/event/157970567/?quantity=0,9593447967,157970567,147,147,33,11_12,,,11,2
https://www.stubhub.com/chris-brown-new-orleans-tickets-10-16-2025/event/157970567/?quantity=0,9590900866,157970567,150,150,30,11_13,,,11,3
https://www.stubhub.com/chris-brown-new-orleans-tickets-10-16-2025/event/157970567/?quantity=0,9599180294,157970567,553,553,1,,,,,8
https://www.stubhub.com/chris-brown-new-orleans-tickets-10-16-2025/event/157970567/?quantity=0,9609697592,157970567,342,342,16,15_16,15,16,15,2
https://www.stubhub.com/chris-brown-new-orleans-tickets-10-16-2025/event/157970567/?quantity=0,9734735882,157970567,154C,154C,4,13_14,,,13,2
https://www.stubhub.com/chris-brown-new-orleans-tickets-10-16-2025/event/157970567/?quantity=0,9599180257,157970567,345,345,13,,,,,3
https://www.stubhub.com/chris-brown-new-orleans-tickets-10-16-2025/event/157970567/?quantity=0,9593460851,157970567,149,149,32,17_22,,,17,6
https://www.stubhub.com/chris-brown-new-orleans-tickets-10-16-2025/event/157970567/?quantity=0,9576354896,157970567,109,109,30,10_11,,,10,2
https://www.stubhub.com/chris-brown-new-orleans-tickets-10-16-2025/event/157970567/?quantity=0,9593454149,157970567,109,109,33,26_33,,,26,8
https://www.stubhub.com/chris-brown-new-orleans-tickets-10-16-2025/event/157970567/?quantity=0,9609697627,157970567,308,308,16,13_20,13,20,13,8
https://www.stubhub.com/chris-brown-new-orleans-tickets-10-16-2025/event/157970567/?quantity=0,9745852387,157970567,Terrace Level 507,,6,,,,,4
https://www.stubhub.com/chris-brown-new-orleans-tickets-10-16-2025/event/157970567/?quantity=0,9745852400,157970567,Terrace Level 551,,6,,,,,4
https://www.stubhub.com/chris-brown-new-orleans-tickets-10-16-2025/event/157970567/?quantity=0,9745852406,157970567,Terrace Level 554,,6,,,,,4
https://www.stubhub.com/chris-brown-new-orleans-tickets-10-16-2025/event/157970567/?quantity=0,9745852408,157970567,TERRACE LEVEL 547,,6,,,,,4
https://www.stubhub.com/chris-brown-new-orleans-tickets-10-16-2025/event/157970567/?quantity=0,9590900883,157970567,149,149,31,12_14,,,12,3
https://www.stubhub.com/chris-brown-new-orleans-tickets-10-16-2025/event/157970567/?quantity=0,9593462229,157970567,147,147,33,1_4,,,1,4
https://www.stubhub.com/chris-brown-new-orleans-tickets-10-16-2025/event/157970567/?quantity=0,9592028751,157970567,307,307,15,,,,,4
https://www.stubhub.com/chris-brown-new-orleans-tickets-10-16-2025/event/157970567/?quantity=0,9396765596,157970567,107,107,29,11_13,11,13,11,3
https://www.stubhub.com/chris-brown-new-orleans-tickets-10-16-2025/event/157970567/?quantity=0,9609215475,157970567,109,109,30,29_30,,,29,2
https://www.stubhub.com/chris-brown-new-orleans-tickets-10-16-2025/event/157970567/?quantity=0,9593462429,157970567,147,147,24,15_16,,,15,2
https://www.stubhub.com/chris-brown-new-orleans-tickets-10-16-2025/event/157970567/?quantity=0,9599180386,157970567,345,345,12,,,,,3
https://www.stubhub.com/chris-brown-new-orleans-tickets-10-16-2025/event/157970567/?quantity=0,9413029992,157970567,304C,304C,17,14_15,14,15,14,2
https://www.stubhub.com/chris-brown-new-orleans-tickets-10-16-2025/event/157970567/?quantity=0,9413095016,157970567,337,337,16,10_17,10,17,10,8
https://www.stubhub.com/chris-brown-new-orleans-tickets-10-16-2025/event/157970567/?quantity=0,9413094935,157970567,304C,304C,16,13_14,13,14,13,2
https://www.stubhub.com/chris-brown-new-orleans-tickets-10-16-2025/event/157970567/?quantity=0,9618364219,157970567,106,106,31,12_14,12,14,12,3
https://www.stubhub.com/chris-brown-new-orleans-tickets-10-16-2025/event/157970567/?quantity=0,9416117882,157970567,303,303,16,22_23,22,23,22,2
https://www.stubhub.com/chris-brown-new-orleans-tickets-10-16-2025/event/157970567/?quantity=0,9414053501,157970567,339,339,17,,,,,4
https://www.stubhub.com/chris-brown-new-orleans-tickets-10-16-2025/event/157970567/?quantity=0,9609737365,157970567,343,343,15,10_16,10,16,10,7
https://www.stubhub.com/chris-brown-new-orleans-tickets-10-16-2025/event/157970567/?quantity=0,9593454546,157970567,152,152,19,24_25,,,24,2
https://www.stubhub.com/chris-brown-new-orleans-tickets-10-16-2025/event/157970567/?quantity=0,9593451394,157970567,106,106,34,7_12,,,7,6
https://www.stubhub.com/chris-brown-new-orleans-tickets-10-16-2025/event/157970567/?quantity=0,9290919781,157970567,307,307,13,1_7,,,1,7
https://www.stubhub.com/chris-brown-new-orleans-tickets-10-16-2025/event/157970567/?quantity=0,9649497824,157970567,305,305,15,1_8,1,8,1,8
https://www.stubhub.com/chris-brown-new-orleans-tickets-10-16-2025/event/157970567/?quantity=0,9609737364,157970567,304C,304C,15,10_11,10,11,10,2
https://www.stubhub.com/chris-brown-new-orleans-tickets-10-16-2025/event/157970567/?quantity=0,9721548721,157970567,109,109,28,15_16,,,15,2
https://www.stubhub.com/chris-brown-new-orleans-tickets-10-16-2025/event/157970567/?quantity=0,9639744049,157970567,304,304,15,5_6,5,6,5,2
https://www.stubhub.com/chris-brown-new-orleans-tickets-10-16-2025/event/157970567/?quantity=0,9223343490,157970567,109,109,20,,,,,4
https://www.stubhub.com/chris-brown-new-orleans-tickets-10-16-2025/event/157970567/?quantity=0,9593455649,157970567,152,152,21,14_15,,,14,2
https://www.stubhub.com/chris-brown-new-orleans-tickets-10-16-2025/event/157970567/?quantity=0,9749223422,157970567,303,303,15,15_16,15,16,15,2
https://www.stubhub.com/chris-brown-new-orleans-tickets-10-16-2025/event/157970567/?quantity=0,9593450323,157970567,149,149,34,13_14,,,13,2
https://www.stubhub.com/chris-brown-new-orleans-tickets-10-16-2025/event/157970567/?quantity=0,9243225940,157970567,335,335,11,,,,,2
https://www.stubhub.com/chris-brown-new-orleans-tickets-10-16-2025/event/157970567/?quantity=0,9708605327,157970567,601,601,3,10_11,,,10,2
https://www.stubhub.com/chris-brown-new-orleans-tickets-10-16-2025/event/157970567/?quantity=0,9591948131,157970567,341,341,14,,,,,4
https://www.stubhub.com/chris-brown-new-orleans-tickets-10-16-2025/event/157970567/?quantity=0,9593461721,157970567,155,155,28,9_10,,,9,2
https://www.stubhub.com/chris-brown-new-orleans-tickets-10-16-2025/event/157970567/?quantity=0,9675116099,157970567,340,340,6,,,,,3
https://www.stubhub.com/chris-brown-new-orleans-tickets-10-16-2025/event/157970567/?quantity=0,9754325785,157970567,308,308,7,,,,,7
https://www.stubhub.com/chris-brown-new-orleans-tickets-10-16-2025/event/157970567/?quantity=0,9745622103,157970567,308,308,8,,,,,8
https://www.stubhub.com/chris-brown-new-orleans-tickets-10-16-2025/event/157970567/?quantity=0,9739590850,157970567,340,340,7,,,,,8
https://www.stubhub.com/chris-brown-new-orleans-tickets-10-16-2025/event/157970567/?quantity=0,9753614113,157970567,308,308,9,,,,,8
https://www.stubhub.com/chris-brown-new-orleans-tickets-10-16-2025/event/157970567/?quantity=0,9752455272,157970567,309,309,7,,,,,7
https://www.stubhub.com/chris-brown-new-orleans-tickets-10-16-2025/event/157970567/?quantity=0,9752904999,157970567,309,309,8,,,,,8
https://www.stubhub.com/chris-brown-new-orleans-tickets-10-16-2025/event/157970567/?quantity=0,9734446755,157970567,339,339,9,,,,,8
https://www.stubhub.com/chris-brown-new-orleans-tickets-10-16-2025/event/157970567/?quantity=0,9746777897,157970567,309,309,9,,,,,8
https://www.stubhub.com/chris-brown-new-orleans-tickets-10-16-2025/event/157970567/?quantity=0,9684255603,157970567,339,339,13,,,,,3
https://www.stubhub.com/chris-brown-new-orleans-tickets-10-16-2025/event/157970567/?quantity=0,9754325794,157970567,339,339,14,,,,,3
https://www.stubhub.com/chris-brown-new-orleans-tickets-10-16-2025/event/157970567/?quantity=0,9593443229,157970567,147,147,34,35_36,,,35,2
https://www.stubhub.com/chris-brown-new-orleans-tickets-10-16-2025/event/157970567/?quantity=0,9252985145,157970567,311,311,14,5_6,5,6,5,2
https://www.stubhub.com/chris-brown-new-orleans-tickets-10-16-2025/event/157970567/?quantity=0,9593460073,157970567,147,147,35,22_35,,,22,14
https://www.stubhub.com/chris-brown-new-orleans-tickets-10-16-2025/event/157970567/?quantity=0,9507398074,157970567,346,346,15,13_16,,,13,4
https://www.stubhub.com/chris-brown-new-orleans-tickets-10-16-2025/event/157970567/?quantity=0,9684407250,157970567,339,339,8,,,,,3
https://www.stubhub.com/chris-brown-new-orleans-tickets-10-16-2025/event/157970567/?quantity=0,9593446546,157970567,145,145,34,23_24,,,23,2
https://www.stubhub.com/chris-brown-new-orleans-tickets-10-16-2025/event/157970567/?quantity=0,9593454971,157970567,152,152,25,1_4,,,1,4
https://www.stubhub.com/chris-brown-new-orleans-tickets-10-16-2025/event/157970567/?quantity=0,9635529869,157970567,382S,382S,B,7_10,,,7,4
https://www.stubhub.com/chris-brown-new-orleans-tickets-10-16-2025/event/157970567/?quantity=0,9599180244,157970567,149,149,29,,,,,2
https://www.stubhub.com/chris-brown-new-orleans-tickets-10-16-2025/event/157970567/?quantity=0,9609737431,157970567,313,313,17,11_18,11,18,11,8
https://www.stubhub.com/chris-brown-new-orleans-tickets-10-16-2025/event/157970567/?quantity=0,9599180510,157970567,106,106,28,,,,,2
https://www.stubhub.com/chris-brown-new-orleans-tickets-10-16-2025/event/157970567/?quantity=0,9609737491,157970567,312,312,17,11_18,11,18,11,8
https://www.stubhub.com/chris-brown-new-orleans-tickets-10-16-2025/event/157970567/?quantity=0,9623967902,157970567,149,149,21,11_12,11,12,11,2
https://www.stubhub.com/chris-brown-new-orleans-tickets-10-16-2025/event/157970567/?quantity=0,9637612968,157970567,155,155,26,13_16,13,16,13,4
https://www.stubhub.com/chris-brown-new-orleans-tickets-10-16-2025/event/157970567/?quantity=0,9593439223,157970567,106,106,30,7_8,,,7,2
https://www.stubhub.com/chris-brown-new-orleans-tickets-10-16-2025/event/157970567/?quantity=0,9593460037,157970567,149,149,23,5_6,,,5,2
https://www.stubhub.com/chris-brown-new-orleans-tickets-10-16-2025/event/157970567/?quantity=0,9251280493,157970567,107,107,22,1_8,1,8,1,8
https://www.stubhub.com/chris-brown-new-orleans-tickets-10-16-2025/event/157970567/?quantity=0,9452657795,157970567,301,301,17,18_23,,,18,6
https://www.stubhub.com/chris-brown-new-orleans-tickets-10-16-2025/event/157970567/?quantity=0,9593435353,157970567,109,109,34,3_8,,,3,6
https://www.stubhub.com/chris-brown-new-orleans-tickets-10-16-2025/event/157970567/?quantity=0,9593462908,157970567,152,152,24,3_8,,,3,6
https://www.stubhub.com/chris-brown-new-orleans-tickets-10-16-2025/event/157970567/?quantity=0,9593446032,157970567,145,145,32,8_15,,,8,8
https://www.stubhub.com/chris-brown-new-orleans-tickets-10-16-2025/event/157970567/?quantity=0,9452657794,157970567,301,301,14,6_9,,,6,4
https://www.stubhub.com/chris-brown-new-orleans-tickets-10-16-2025/event/157970567/?quantity=0,9222453420,157970567,143,143,30,9_10,9,10,9,2
https://www.stubhub.com/chris-brown-new-orleans-tickets-10-16-2025/event/157970567/?quantity=0,9222541795,157970567,143,143,32,11_12,11,12,11,2
https://www.stubhub.com/chris-brown-new-orleans-tickets-10-16-2025/event/157970567/?quantity=0,9261068646,157970567,143,143,27,7_8,7,8,7,2
https://www.stubhub.com/chris-brown-new-orleans-tickets-10-16-2025/event/157970567/?quantity=0,9223743984,157970567,143,143,29,12_15,12,15,12,4
https://www.stubhub.com/chris-brown-new-orleans-tickets-10-16-2025/event/157970567/?quantity=0,9223743991,157970567,143,143,31,16_19,16,19,16,4
https://www.stubhub.com/chris-brown-new-orleans-tickets-10-16-2025/event/157970567/?quantity=0,9452657804,157970567,301,301,13,11_16,,,11,6
https://www.stubhub.com/chris-brown-new-orleans-tickets-10-16-2025/event/157970567/?quantity=0,9305183720,157970567,142,142,35,7_8,7,8,7,2
https://www.stubhub.com/chris-brown-new-orleans-tickets-10-16-2025/event/157970567/?quantity=0,9609737434,157970567,310,310,17,8_9,8,9,8,2
https://www.stubhub.com/chris-brown-new-orleans-tickets-10-16-2025/event/157970567/?quantity=0,9599180353,157970567,346,346,11,,,,,3
https://www.stubhub.com/chris-brown-new-orleans-tickets-10-16-2025/event/157970567/?quantity=0,9593447717,157970567,104,104,23,11_12,,,11,2
https://www.stubhub.com/chris-brown-new-orleans-tickets-10-16-2025/event/157970567/?quantity=0,9593437543,157970567,104,104,25,15_18,,,15,4
https://www.stubhub.com/chris-brown-new-orleans-tickets-10-16-2025/event/157970567/?quantity=0,9593461270,157970567,346,346,13,15_16,,,15,2
https://www.stubhub.com/chris-brown-new-orleans-tickets-10-16-2025/event/157970567/?quantity=0,9593459982,157970567,104,104,27,17_18,,,17,2
https://www.stubhub.com/chris-brown-new-orleans-tickets-10-16-2025/event/157970567/?quantity=0,9593437063,157970567,145,145,30,6_13,,,6,8
https://www.stubhub.com/chris-brown-new-orleans-tickets-10-16-2025/event/157970567/?quantity=0,9599180460,157970567,152,152,16,,,,,2
https://www.stubhub.com/chris-brown-new-orleans-tickets-10-16-2025/event/157970567/?quantity=0,9593430490,157970567,147,147,17,4_7,,,4,4
https://www.stubhub.com/chris-brown-new-orleans-tickets-10-16-2025/event/157970567/?quantity=0,9593450469,157970567,149,149,31,17_22,,,17,6
https://www.stubhub.com/chris-brown-new-orleans-tickets-10-16-2025/event/157970567/?quantity=0,9388928144,157970567,113,113,30,,,,,2
https://www.stubhub.com/chris-brown-new-orleans-tickets-10-16-2025/event/157970567/?quantity=0,9722359942,157970567,LOGE LEVEL 309,,9,,,,,4
https://www.stubhub.com/chris-brown-new-orleans-tickets-10-16-2025/event/157970567/?quantity=0,9722359960,157970567,LOGE LEVEL 339,,9,,,,,4
https://www.stubhub.com/chris-brown-new-orleans-tickets-10-16-2025/event/157970567/?quantity=0,9722359970,157970567,LOGE LEVEL 308,,8,,,,,4
https://www.stubhub.com/chris-brown-new-orleans-tickets-10-16-2025/event/157970567/?quantity=0,9593460094,157970567,147,147,35,7_8,,,7,2
https://www.stubhub.com/chris-brown-new-orleans-tickets-10-16-2025/event/157970567/?quantity=0,9593455816,157970567,152,152,19,3_4,,,3,2
https://www.stubhub.com/chris-brown-new-orleans-tickets-10-16-2025/event/157970567/?quantity=0,9593454782,157970567,145,145,30,17_24,,,17,8
https://www.stubhub.com/chris-brown-new-orleans-tickets-10-16-2025/event/157970567/?quantity=0,9593437569,157970567,109,109,24,6_9,,,6,4
https://www.stubhub.com/chris-brown-new-orleans-tickets-10-16-2025/event/157970567/?quantity=0,9251224749,157970567,337,337,15,12_14,,,12,3
https://www.stubhub.com/chris-brown-new-orleans-tickets-10-16-2025/event/157970567/?quantity=0,9306657894,157970567,313,313,15,,,,,5
https://www.stubhub.com/chris-brown-new-orleans-tickets-10-16-2025/event/157970567/?quantity=0,9470036196,157970567,308S,308S,B,2_10,,,2,9
https://www.stubhub.com/chris-brown-new-orleans-tickets-10-16-2025/event/157970567/?quantity=0,9593430740,157970567,149,149,23,17_18,,,17,2
https://www.stubhub.com/chris-brown-new-orleans-tickets-10-16-2025/event/157970567/?quantity=0,9222858813,157970567,144,144,31,,,,,2
https://www.stubhub.com/chris-brown-new-orleans-tickets-10-16-2025/event/157970567/?quantity=0,9593456582,157970567,109,109,18,3_4,,,3,2
https://www.stubhub.com/chris-brown-new-orleans-tickets-10-16-2025/event/157970567/?quantity=0,9226656158,157970567,263,263,1,,,,,2
https://www.stubhub.com/chris-brown-new-orleans-tickets-10-16-2025/event/157970567/?quantity=0,9593449505,157970567,152,152,24,18_19,,,18,2
https://www.stubhub.com/chris-brown-new-orleans-tickets-10-16-2025/event/157970567/?quantity=0,9593431300,157970567,104,104,19,11_14,,,11,4
https://www.stubhub.com/chris-brown-new-orleans-tickets-10-16-2025/event/157970567/?quantity=0,9593431978,157970567,104,104,29,17_18,,,17,2
https://www.stubhub.com/chris-brown-new-orleans-tickets-10-16-2025/event/157970567/?quantity=0,9593441791,157970567,145,145,28,13_19,,,13,7
https://www.stubhub.com/chris-brown-new-orleans-tickets-10-16-2025/event/157970567/?quantity=0,9593430333,157970567,347,347,11,1_4,,,1,4
https://www.stubhub.com/chris-brown-new-orleans-tickets-10-16-2025/event/157970567/?quantity=0,9250232959,157970567,N,N,24,14_14,14,14,14,1
https://www.stubhub.com/chris-brown-new-orleans-tickets-10-16-2025/event/157970567/?quantity=0,9250923832,157970567,337,337,12,13_16,,,13,4
https://www.stubhub.com/chris-brown-new-orleans-tickets-10-16-2025/event/157970567/?quantity=0,9250923831,157970567,337,337,14,13_16,,,13,4
https://www.stubhub.com/chris-brown-new-orleans-tickets-10-16-2025/event/157970567/?quantity=0,9490058016,157970567,271,271,1,5_6,,,5,2
https://www.stubhub.com/chris-brown-new-orleans-tickets-10-16-2025/event/157970567/?quantity=0,9599180378,157970567,279,279,2,,,,,2
https://www.stubhub.com/chris-brown-new-orleans-tickets-10-16-2025/event/157970567/?quantity=0,9593447754,157970567,109,109,35,35_38,,,35,4
https://www.stubhub.com/chris-brown-new-orleans-tickets-10-16-2025/event/157970567/?quantity=0,9745437235,157970567,142,142,18,7_8,7,8,7,2
https://www.stubhub.com/chris-brown-new-orleans-tickets-10-16-2025/event/157970567/?quantity=0,9574378196,157970567,116,116,33,1_2,1,2,1,2
https://www.stubhub.com/chris-brown-new-orleans-tickets-10-16-2025/event/157970567/?quantity=0,9412311568,157970567,140,140,34,23_24,23,24,23,2
https://www.stubhub.com/chris-brown-new-orleans-tickets-10-16-2025/event/157970567/?quantity=0,9593461736,157970567,147,147,35,36_39,,,36,4
https://www.stubhub.com/chris-brown-new-orleans-tickets-10-16-2025/event/157970567/?quantity=0,9593431326,157970567,104,104,25,24_25,,,24,2
https://www.stubhub.com/chris-brown-new-orleans-tickets-10-16-2025/event/157970567/?quantity=0,9593428793,157970567,109,109,29,27_28,,,27,2
https://www.stubhub.com/chris-brown-new-orleans-tickets-10-16-2025/event/157970567/?quantity=0,9593446237,157970567,109,109,31,19_20,,,19,2
https://www.stubhub.com/chris-brown-new-orleans-tickets-10-16-2025/event/157970567/?quantity=0,9599180358,157970567,144,144,17,,,,,3
https://www.stubhub.com/chris-brown-new-orleans-tickets-10-16-2025/event/157970567/?quantity=0,9470019902,157970567,382S,382S,A,8_10,,,8,3
https://www.stubhub.com/chris-brown-new-orleans-tickets-10-16-2025/event/157970567/?quantity=0,9593432007,157970567,149,149,21,13_14,,,13,2
https://www.stubhub.com/chris-brown-new-orleans-tickets-10-16-2025/event/157970567/?quantity=0,9737190059,157970567,156,156,29,,,,,3
https://www.stubhub.com/chris-brown-new-orleans-tickets-10-16-2025/event/157970567/?quantity=0,9323116582,157970567,140,140,26,,,,,2
https://www.stubhub.com/chris-brown-new-orleans-tickets-10-16-2025/event/157970567/?quantity=0,9593432754,157970567,106,106,27,5_6,,,5,2
https://www.stubhub.com/chris-brown-new-orleans-tickets-10-16-2025/event/157970567/?quantity=0,9593461090,157970567,107,107,25,7_8,,,7,2
https://www.stubhub.com/chris-brown-new-orleans-tickets-10-16-2025/event/157970567/?quantity=0,9593453410,157970567,147,147,25,1_8,,,1,8
https://www.stubhub.com/chris-brown-new-orleans-tickets-10-16-2025/event/157970567/?quantity=0,9745852438,157970567,Loge Level 340,,17,,,,,4
https://www.stubhub.com/chris-brown-new-orleans-tickets-10-16-2025/event/157970567/?quantity=0,9261490370,157970567,149,149,20,3_6,3,6,3,4
https://www.stubhub.com/chris-brown-new-orleans-tickets-10-16-2025/event/157970567/?quantity=0,9742371183,157970567,344C,344C,8,,,,,1
https://www.stubhub.com/chris-brown-new-orleans-tickets-10-16-2025/event/157970567/?quantity=0,9593452366,157970567,109,109,35,29_30,,,29,2
https://www.stubhub.com/chris-brown-new-orleans-tickets-10-16-2025/event/157970567/?quantity=0,9717995832,157970567,112,112,15,,,,,2
https://www.stubhub.com/chris-brown-new-orleans-tickets-10-16-2025/event/157970567/?quantity=0,9592348827,157970567,308S,308S,A,9_10,,,9,2
https://www.stubhub.com/chris-brown-new-orleans-tickets-10-16-2025/event/157970567/?quantity=0,9593437240,157970567,109,109,21,11_14,,,11,4
https://www.stubhub.com/chris-brown-new-orleans-tickets-10-16-2025/event/157970567/?quantity=0,9593444153,157970567,152,152,20,17_18,,,17,2
https://www.stubhub.com/chris-brown-new-orleans-tickets-10-16-2025/event/157970567/?quantity=0,9224142555,157970567,306,306,11,7_8,7,8,7,2
https://www.stubhub.com/chris-brown-new-orleans-tickets-10-16-2025/event/157970567/?quantity=0,9304864434,157970567,116,116,32,1_4,,,1,4
https://www.stubhub.com/chris-brown-new-orleans-tickets-10-16-2025/event/157970567/?quantity=0,9452657871,157970567,301,301,11,6_20,,,6,15
https://www.stubhub.com/chris-brown-new-orleans-tickets-10-16-2025/event/157970567/?quantity=0,9259861054,157970567,154,154,25,15_16,,,15,2
https://www.stubhub.com/chris-brown-new-orleans-tickets-10-16-2025/event/157970567/?quantity=0,9593437841,157970567,150,150,35,11_12,,,11,2
https://www.stubhub.com/chris-brown-new-orleans-tickets-10-16-2025/event/157970567/?quantity=0,9665416799,157970567,149,149,14,17_18,,,17,2
https://www.stubhub.com/chris-brown-new-orleans-tickets-10-16-2025/event/157970567/?quantity=0,9593452176,157970567,147,147,25,11_18,,,11,8
https://www.stubhub.com/chris-brown-new-orleans-tickets-10-16-2025/event/157970567/?quantity=0,9593457204,157970567,102,102,29,7_8,,,7,2
https://www.stubhub.com/chris-brown-new-orleans-tickets-10-16-2025/event/157970567/?quantity=0,9242531521,157970567,150,150,29,1_8,1,8,1,8
https://www.stubhub.com/chris-brown-new-orleans-tickets-10-16-2025/event/157970567/?quantity=0,9722590638,157970567,207,207,1,1_1,,,1,1
https://www.stubhub.com/chris-brown-new-orleans-tickets-10-16-2025/event/157970567/?quantity=0,9593461735,157970567,150,150,31,16_17,,,16,2
https://www.stubhub.com/chris-brown-new-orleans-tickets-10-16-2025/event/157970567/?quantity=0,9250691820,157970567,150,150,27,11_14,11,14,11,4
https://www.stubhub.com/chris-brown-new-orleans-tickets-10-16-2025/event/157970567/?quantity=0,9593462211,157970567,147,147,36,14_17,,,14,4
https://www.stubhub.com/chris-brown-new-orleans-tickets-10-16-2025/event/157970567/?quantity=0,9316475594,157970567,140,140,23,,,,,2
https://www.stubhub.com/chris-brown-new-orleans-tickets-10-16-2025/event/157970567/?quantity=0,9665416795,157970567,346,346,6,10_15,,,10,6
https://www.stubhub.com/chris-brown-new-orleans-tickets-10-16-2025/event/157970567/?quantity=0,9252334092,157970567,116,116,31,1_7,,,1,7
https://www.stubhub.com/chris-brown-new-orleans-tickets-10-16-2025/event/157970567/?quantity=0,9242685113,157970567,114,114,31,17_18,17,18,17,2
https://www.stubhub.com/chris-brown-new-orleans-tickets-10-16-2025/event/157970567/?quantity=0,9242685131,157970567,114,114,34,7_8,7,8,7,2
https://www.stubhub.com/chris-brown-new-orleans-tickets-10-16-2025/event/157970567/?quantity=0,9593434764,157970567,147,147,25,21_25,,,21,5
https://www.stubhub.com/chris-brown-new-orleans-tickets-10-16-2025/event/157970567/?quantity=0,9742371369,157970567,313,313,13,,,,,1
https://www.stubhub.com/chris-brown-new-orleans-tickets-10-16-2025/event/157970567/?quantity=0,9754998177,157970567,303,303,10,11_11,,,11,1
https://www.stubhub.com/chris-brown-new-orleans-tickets-10-16-2025/event/157970567/?quantity=0,9593435919,157970567,150,150,31,13_14,,,13,2
https://www.stubhub.com/chris-brown-new-orleans-tickets-10-16-2025/event/157970567/?quantity=0,9267694672,157970567,141,141,26,7_8,,,7,2
https://www.stubhub.com/chris-brown-new-orleans-tickets-10-16-2025/event/157970567/?quantity=0,9593461017,157970567,147,147,30,11_12,,,11,2
https://www.stubhub.com/chris-brown-new-orleans-tickets-10-16-2025/event/157970567/?quantity=0,9665416817,157970567,203,203,3,5_20,,,5,16
https://www.stubhub.com/chris-brown-new-orleans-tickets-10-16-2025/event/157970567/?quantity=0,9593451261,157970567,147,147,36,12_13,,,12,2
https://www.stubhub.com/chris-brown-new-orleans-tickets-10-16-2025/event/157970567/?quantity=0,9593451752,157970567,147,147,22,19_20,,,19,2
https://www.stubhub.com/chris-brown-new-orleans-tickets-10-16-2025/event/157970567/?quantity=0,9593436763,157970567,147,147,23,5_12,,,5,8
https://www.stubhub.com/chris-brown-new-orleans-tickets-10-16-2025/event/157970567/?quantity=0,9267694562,157970567,141,141,25,11_14,,,11,4
https://www.stubhub.com/chris-brown-new-orleans-tickets-10-16-2025/event/157970567/?quantity=0,9593462496,157970567,149,149,29,9_16,,,9,8
https://www.stubhub.com/chris-brown-new-orleans-tickets-10-16-2025/event/157970567/?quantity=0,9250217464,157970567,G,G,22,12_12,12,12,12,1
https://www.stubhub.com/chris-brown-new-orleans-tickets-10-16-2025/event/157970567/?quantity=0,9222558888,157970567,145,145,26,23_24,23,24,23,2
https://www.stubhub.com/chris-brown-new-orleans-tickets-10-16-2025/event/157970567/?quantity=0,9665416794,157970567,203,203,1,16_20,,,16,5
https://www.stubhub.com/chris-brown-new-orleans-tickets-10-16-2025/event/157970567/?quantity=0,9688381519,157970567,114,114,28,15_16,15,16,15,2
https://www.stubhub.com/chris-brown-new-orleans-tickets-10-16-2025/event/157970567/?quantity=0,9593461682,157970567,147,147,36,18_21,,,18,4
https://www.stubhub.com/chris-brown-new-orleans-tickets-10-16-2025/event/157970567/?quantity=0,9665416807,157970567,149,149,10,14_16,,,14,3
https://www.stubhub.com/chris-brown-new-orleans-tickets-10-16-2025/event/157970567/?quantity=0,9593457590,157970567,147,147,21,11_18,,,11,8
https://www.stubhub.com/chris-brown-new-orleans-tickets-10-16-2025/event/157970567/?quantity=0,9745982843,157970567,115,115,26,13_16,,,13,4
https://www.stubhub.com/chris-brown-new-orleans-tickets-10-16-2025/event/157970567/?quantity=0,9247858941,157970567,114,114,26,3_4,,,3,2
https://www.stubhub.com/chris-brown-new-orleans-tickets-10-16-2025/event/157970567/?quantity=0,9247858945,157970567,114,114,25,3_4,,,3,2
https://www.stubhub.com/chris-brown-new-orleans-tickets-10-16-2025/event/157970567/?quantity=0,9365317344,157970567,113,113,16,4_5,4,5,4,2
https://www.stubhub.com/chris-brown-new-orleans-tickets-10-16-2025/event/157970567/?quantity=0,9593437462,157970567,152,152,19,9_10,,,9,2
https://www.stubhub.com/chris-brown-new-orleans-tickets-10-16-2025/event/157970567/?quantity=0,9253661951,157970567,116,116,30,1_8,,,1,8
https://www.stubhub.com/chris-brown-new-orleans-tickets-10-16-2025/event/157970567/?quantity=0,9250962344,157970567,114,114,24,5_6,,,5,2
https://www.stubhub.com/chris-brown-new-orleans-tickets-10-16-2025/event/157970567/?quantity=0,9593460680,157970567,109,109,29,23_24,,,23,2
https://www.stubhub.com/chris-brown-new-orleans-tickets-10-16-2025/event/157970567/?quantity=0,9286838496,157970567,N,N,21,3_4,,,3,2
https://www.stubhub.com/chris-brown-new-orleans-tickets-10-16-2025/event/157970567/?quantity=0,9593439449,157970567,109,109,34,11_18,,,11,8
https://www.stubhub.com/chris-brown-new-orleans-tickets-10-16-2025/event/157970567/?quantity=0,9251542936,157970567,N,N,14,,,,,6
https://www.stubhub.com/chris-brown-new-orleans-tickets-10-16-2025/event/157970567/?quantity=0,9251573123,157970567,140,140,10,17_20,17,20,17,4
https://www.stubhub.com/chris-brown-new-orleans-tickets-10-16-2025/event/157970567/?quantity=0,9592124189,157970567,143,143,15,,,,,8
https://www.stubhub.com/chris-brown-new-orleans-tickets-10-16-2025/event/157970567/?quantity=0,9593451586,157970567,152,152,23,3_4,,,3,2
https://www.stubhub.com/chris-brown-new-orleans-tickets-10-16-2025/event/157970567/?quantity=0,9250976592,157970567,P,P,15,14_19,14,19,14,6
https://www.stubhub.com/chris-brown-new-orleans-tickets-10-16-2025/event/157970567/?quantity=0,9252795027,157970567,116,116,29,1_8,,,1,8
https://www.stubhub.com/chris-brown-new-orleans-tickets-10-16-2025/event/157970567/?quantity=0,9222492007,157970567,R,R,25,25_26,,,25,2
https://www.stubhub.com/chris-brown-new-orleans-tickets-10-16-2025/event/157970567/?quantity=0,9644607536,157970567,313,313,9,9_14,,,9,6
https://www.stubhub.com/chris-brown-new-orleans-tickets-10-16-2025/event/157970567/?quantity=0,9593432035,157970567,150,150,30,1_8,,,1,8
https://www.stubhub.com/chris-brown-new-orleans-tickets-10-16-2025/event/157970567/?quantity=0,9593433944,157970567,104,104,18,17_18,,,17,2
https://www.stubhub.com/chris-brown-new-orleans-tickets-10-16-2025/event/157970567/?quantity=0,9592015379,157970567,143,143,10,,,,,2
https://www.stubhub.com/chris-brown-new-orleans-tickets-10-16-2025/event/157970567/?quantity=0,9644607537,157970567,311,311,8,18_19,,,18,2
https://www.stubhub.com/chris-brown-new-orleans-tickets-10-16-2025/event/157970567/?quantity=0,9665416802,157970567,104,104,14,17_20,,,17,4
https://www.stubhub.com/chris-brown-new-orleans-tickets-10-16-2025/event/157970567/?quantity=0,9243168577,157970567,N,N,12,,,,,2
https://www.stubhub.com/chris-brown-new-orleans-tickets-10-16-2025/event/157970567/?quantity=0,9639956743,157970567,116,116,28,2_8,,,2,7
https://www.stubhub.com/chris-brown-new-orleans-tickets-10-16-2025/event/157970567/?quantity=0,9593439786,157970567,149,149,25,9_10,,,9,2
https://www.stubhub.com/chris-brown-new-orleans-tickets-10-16-2025/event/157970567/?quantity=0,9644607547,157970567,313,313,8,7_13,,,7,7
https://www.stubhub.com/chris-brown-new-orleans-tickets-10-16-2025/event/157970567/?quantity=0,9222581839,157970567,305,305,14,9_16,9,16,9,8
https://www.stubhub.com/chris-brown-new-orleans-tickets-10-16-2025/event/157970567/?quantity=0,9708392015,157970567,N,N,11,,,,,3
https://www.stubhub.com/chris-brown-new-orleans-tickets-10-16-2025/event/157970567/?quantity=0,9421120630,157970567,P,P,13,,,,,2
https://www.stubhub.com/chris-brown-new-orleans-tickets-10-16-2025/event/157970567/?quantity=0,9276141021,157970567,R,R,15,21_26,21,26,21,6
https://www.stubhub.com/chris-brown-new-orleans-tickets-10-16-2025/event/157970567/?quantity=0,9593452522,157970567,104,104,17,3_4,,,3,2
https://www.stubhub.com/chris-brown-new-orleans-tickets-10-16-2025/event/157970567/?quantity=0,9593438252,157970567,109,109,24,19_20,,,19,2
https://www.stubhub.com/chris-brown-new-orleans-tickets-10-16-2025/event/157970567/?quantity=0,9420761802,157970567,101,101,,,,,,4
https://www.stubhub.com/chris-brown-new-orleans-tickets-10-16-2025/event/157970567/?quantity=0,9682594202,157970567,101,101,25,5_8,5,8,5,4
https://www.stubhub.com/chris-brown-new-orleans-tickets-10-16-2025/event/157970567/?quantity=0,9704600012,157970567,111,111,31,17_18,,,17,2
https://www.stubhub.com/chris-brown-new-orleans-tickets-10-16-2025/event/157970567/?quantity=0,9649356287,157970567,141,141,24,15_22,,,15,8
https://www.stubhub.com/chris-brown-new-orleans-tickets-10-16-2025/event/157970567/?quantity=0,9594790106,157970567,144,144,9,3_4,3,4,3,2
https://www.stubhub.com/chris-brown-new-orleans-tickets-10-16-2025/event/157970567/?quantity=0,9593439368,157970567,109,109,22,13_14,,,13,2
https://www.stubhub.com/chris-brown-new-orleans-tickets-10-16-2025/event/157970567/?quantity=0,9580143353,157970567,R,R,12,21_22,,,21,2
https://www.stubhub.com/chris-brown-new-orleans-tickets-10-16-2025/event/157970567/?quantity=0,9753484651,157970567,111,111,23,13_14,,,13,2
https://www.stubhub.com/chris-brown-new-orleans-tickets-10-16-2025/event/157970567/?quantity=0,9742371197,157970567,144,144,8,,,,,1
https://www.stubhub.com/chris-brown-new-orleans-tickets-10-16-2025/event/157970567/?quantity=0,9688381529,157970567,141,141,14,21_22,21,22,21,2
https://www.stubhub.com/chris-brown-new-orleans-tickets-10-16-2025/event/157970567/?quantity=0,9714654196,157970567,369S,369S,SRO,1_5,1,5,1,5
https://www.stubhub.com/chris-brown-new-orleans-tickets-10-16-2025/event/157970567/?quantity=0,9608926911,157970567,111,111,18,15_15,,,15,1
https://www.stubhub.com/chris-brown-new-orleans-tickets-10-16-2025/event/157970567/?quantity=0,9490059891,157970567,R,R,11,11_12,,,11,2
https://www.stubhub.com/chris-brown-new-orleans-tickets-10-16-2025/event/157970567/?quantity=0,9753695984,157970567,641,641,8,11_12,,,11,2
https://www.stubhub.com/chris-brown-new-orleans-tickets-10-16-2025/event/157970567/?quantity=0,9688381531,157970567,141,141,12,21_22,21,22,21,2
https://www.stubhub.com/chris-brown-new-orleans-tickets-10-16-2025/event/157970567/?quantity=0,9742371323,157970567,269,269,3,,,,,2
https://www.stubhub.com/chris-brown-new-orleans-tickets-10-16-2025/event/157970567/?quantity=0,9604228974,157970567,ADA R,ADA R,1,705_712,,,705,8
https://www.stubhub.com/chris-brown-new-orleans-tickets-10-16-2025/event/157970567/?quantity=0,9669215464,157970567,ADA L,ADA L,1,13_17,,,13,5
https://www.stubhub.com/chris-brown-new-orleans-tickets-10-16-2025/event/157970567/?quantity=0,9592085377,157970567,G,G,7,,,,,6
https://www.stubhub.com/chris-brown-new-orleans-tickets-10-16-2025/event/157970567/?quantity=0,9752585118,157970567,155,155,20,21_22,21,22,21,2
https://www.stubhub.com/chris-brown-new-orleans-tickets-10-16-2025/event/157970567/?quantity=0,9742371242,157970567,303,303,7,,,,,1
https://www.stubhub.com/chris-brown-new-orleans-tickets-10-16-2025/event/157970567/?quantity=0,9608924420,157970567,557,557,3,18_18,,,18,1
https://www.stubhub.com/chris-brown-new-orleans-tickets-10-16-2025/event/157970567/?quantity=0,9537906195,157970567,140,140,9,18_21,,,18,4
https://www.stubhub.com/chris-brown-new-orleans-tickets-10-16-2025/event/157970567/?quantity=0,9608926032,157970567,347,347,7,10_11,,,10,2
https://www.stubhub.com/chris-brown-new-orleans-tickets-10-16-2025/event/157970567/?quantity=0,9688381520,157970567,140,140,8,16_21,16,21,16,6
https://www.stubhub.com/chris-brown-new-orleans-tickets-10-16-2025/event/157970567/?quantity=0,9753696116,157970567,302,302,11,8_9,,,8,2
https://www.stubhub.com/chris-brown-new-orleans-tickets-10-16-2025/event/157970567/?quantity=0,9742371167,157970567,338,338,14,,,,,2
https://www.stubhub.com/chris-brown-new-orleans-tickets-10-16-2025/event/157970567/?quantity=0,9742371418,157970567,113,113,4,,,,,2
https://www.stubhub.com/chris-brown-new-orleans-tickets-10-16-2025/event/157970567/?quantity=0,9721370230,157970567,140,140,7,,,,,2
https://www.stubhub.com/chris-brown-new-orleans-tickets-10-16-2025/event/157970567/?quantity=0,9753696254,157970567,107,107,17,7_8,,,7,2
https://www.stubhub.com/chris-brown-new-orleans-tickets-10-16-2025/event/157970567/?quantity=0,9580401703,157970567,114,114,16,,,,,2
https://www.stubhub.com/chris-brown-new-orleans-tickets-10-16-2025/event/157970567/?quantity=0,9261490365,157970567,112,112,14,17_18,17,18,17,2
https://www.stubhub.com/chris-brown-new-orleans-tickets-10-16-2025/event/157970567/?quantity=0,9245613050,157970567,M,M,,,,,,4
https://www.stubhub.com/chris-brown-new-orleans-tickets-10-16-2025/event/157970567/?quantity=0,9644211795,157970567,N,N,8,,,,,8
https://www.stubhub.com/chris-brown-new-orleans-tickets-10-16-2025/event/157970567/?quantity=0,9722601098,157970567,N,N,6,,,,,8
https://www.stubhub.com/chris-brown-new-orleans-tickets-10-16-2025/event/157970567/?quantity=0,9562169634,157970567,R,R,10,,,,,8
https://www.stubhub.com/chris-brown-new-orleans-tickets-10-16-2025/event/157970567/?quantity=0,9740331601,157970567,R,R,8,,,,,8
https://www.stubhub.com/chris-brown-new-orleans-tickets-10-16-2025/event/157970567/?quantity=0,9741162628,157970567,R,R,4,,,,,8
https://www.stubhub.com/chris-brown-new-orleans-tickets-10-16-2025/event/157970567/?quantity=0,9750995323,157970567,N,N,4,,,,,4
https://www.stubhub.com/chris-brown-new-orleans-tickets-10-16-2025/event/157970567/?quantity=0,9223950290,157970567,277,277,3,9_10,9,10,9,2
https://www.stubhub.com/chris-brown-new-orleans-tickets-10-16-2025/event/157970567/?quantity=0,9223950308,157970567,205,205,3,10_11,10,11,10,2
https://www.stubhub.com/chris-brown-new-orleans-tickets-10-16-2025/event/157970567/?quantity=0,9250064395,157970567,115,115,16,16_19,,,16,4
https://www.stubhub.com/chris-brown-new-orleans-tickets-10-16-2025/event/157970567/?quantity=0,9753696135,157970567,145,145,16,21_22,,,21,2
https://www.stubhub.com/chris-brown-new-orleans-tickets-10-16-2025/event/157970567/?quantity=0,9753906420,157970567,P,P,11,,,,,1
https://www.stubhub.com/chris-brown-new-orleans-tickets-10-16-2025/event/157970567/?quantity=0,9608923612,157970567,342,342,14,5_6,,,5,2
https://www.stubhub.com/chris-brown-new-orleans-tickets-10-16-2025/event/157970567/?quantity=0,9714508100,157970567,107,107,10,15_16,,,15,2
https://www.stubhub.com/chris-brown-new-orleans-tickets-10-16-2025/event/157970567/?quantity=0,9245870859,157970567,R,R,2,8_9,,,8,2
https://www.stubhub.com/chris-brown-new-orleans-tickets-10-16-2025/event/157970567/?quantity=0,9224864863,157970567,M,M,4,11_12,,,11,2
https://www.stubhub.com/chris-brown-new-orleans-tickets-10-16-2025/event/157970567/?quantity=0,9714654197,157970567,369S,369S,B,1_10,1,10,1,10
https://www.stubhub.com/chris-brown-new-orleans-tickets-10-16-2025/event/157970567/?quantity=0,9706155707,157970567,F,F,10,,,,,5
https://www.stubhub.com/chris-brown-new-orleans-tickets-10-16-2025/event/157970567/?quantity=0,9640418314,157970567,A,A,11,,,,,8
https://www.stubhub.com/chris-brown-new-orleans-tickets-10-16-2025/event/157970567/?quantity=0,9682161068,157970567,F,F,12,,,,,8
https://www.stubhub.com/chris-brown-new-orleans-tickets-10-16-2025/event/157970567/?quantity=0,9579179197,157970567,A,A,12,,,,,8
https://www.stubhub.com/chris-brown-new-orleans-tickets-10-16-2025/event/157970567/?quantity=0,9714654199,157970567,369S,369S,A,1_10,1,10,1,10
https://www.stubhub.com/chris-brown-new-orleans-tickets-10-16-2025/event/157970567/?quantity=0,9224864860,157970567,M,M,2,12_13,,,12,2
https://www.stubhub.com/chris-brown-new-orleans-tickets-10-16-2025/event/157970567/?quantity=0,9694838548,157970567,501,501,2,17_20,,,17,4
https://www.stubhub.com/chris-brown-new-orleans-tickets-10-16-2025/event/157970567/?quantity=0,9754070059,157970567,A,A,10,,,,,3
https://www.stubhub.com/chris-brown-new-orleans-tickets-10-16-2025/event/157970567/?quantity=0,9753695597,157970567,G,G,5,10_11,,,10,2
https://www.stubhub.com/chris-brown-new-orleans-tickets-10-16-2025/event/157970567/?quantity=0,9491311194,157970567,109,109,15,,,,,1
https://www.stubhub.com/chris-brown-new-orleans-tickets-10-16-2025/event/157970567/?quantity=0,9608925983,157970567,310,310,6,9_10,,,9,2
https://www.stubhub.com/chris-brown-new-orleans-tickets-10-16-2025/event/157970567/?quantity=0,9513539132,157970567,107,107,5,,,,,4
https://www.stubhub.com/chris-brown-new-orleans-tickets-10-16-2025/event/157970567/?quantity=0,9222460193,157970567,144,144,1,,,,,3
https://www.stubhub.com/chris-brown-new-orleans-tickets-10-16-2025/event/157970567/?quantity=0,9742371246,157970567,142,142,13,,,,,1
https://www.stubhub.com/chris-brown-new-orleans-tickets-10-16-2025/event/157970567/?quantity=0,9737464053,157970567,143,143,8,18_19,,,18,2
https://www.stubhub.com/chris-brown-new-orleans-tickets-10-16-2025/event/157970567/?quantity=0,9354357994,157970567,E,E,18,25_27,,,25,3
https://www.stubhub.com/chris-brown-new-orleans-tickets-10-16-2025/event/157970567/?quantity=0,9609396634,157970567,111,111,5,1_2,,,1,2
https://www.stubhub.com/chris-brown-new-orleans-tickets-10-16-2025/event/157970567/?quantity=0,9742371341,157970567,141,141,6,,,,,1
https://www.stubhub.com/chris-brown-new-orleans-tickets-10-16-2025/event/157970567/?quantity=0,9737463798,157970567,107,107,3,1_2,,,1,2
https://www.stubhub.com/chris-brown-new-orleans-tickets-10-16-2025/event/157970567/?quantity=0,9737463861,157970567,145,145,5,18_19,,,18,2
https://www.stubhub.com/chris-brown-new-orleans-tickets-10-16-2025/event/157970567/?quantity=0,9253017828,157970567,F,F,1,,,,,8
https://www.stubhub.com/chris-brown-new-orleans-tickets-10-16-2025/event/157970567/?quantity=0,9654377158,157970567,B,B,16,25_27,,,25,3
https://www.stubhub.com/chris-brown-new-orleans-tickets-10-16-2025/event/157970567/?quantity=0,9742371411,157970567,265,265,1,,,,,1
https://www.stubhub.com/chris-brown-new-orleans-tickets-10-16-2025/event/157970567/?quantity=0,9512581106,157970567,H,H,,,,,,3
https://www.stubhub.com/chris-brown-new-orleans-tickets-10-16-2025/event/157970567/?quantity=0,9750746551,157970567,L,L,,,,,,5
https://www.stubhub.com/chris-brown-new-orleans-tickets-10-16-2025/event/157970567/?quantity=0,9742371430,157970567,143,143,4,,,,,4
https://www.stubhub.com/chris-brown-new-orleans-tickets-10-16-2025/event/157970567/?quantity=0,9705760733,157970567,114,114,13,9_10,,,9,2
https://www.stubhub.com/chris-brown-new-orleans-tickets-10-16-2025/event/157970567/?quantity=0,9751792290,157970567,114,114,7,,,,,7
https://www.stubhub.com/chris-brown-new-orleans-tickets-10-16-2025/event/157970567/?quantity=0,9497477063,157970567,114,114,8,,,,,3
https://www.stubhub.com/chris-brown-new-orleans-tickets-10-16-2025/event/157970567/?quantity=0,9754038537,157970567,115,115,15,,,,,8
https://www.stubhub.com/chris-brown-new-orleans-tickets-10-16-2025/event/157970567/?quantity=0,9608181106,157970567,142,142,8,,,,,8
https://www.stubhub.com/chris-brown-new-orleans-tickets-10-16-2025/event/157970567/?quantity=0,9497476311,157970567,142,142,9,,,,,7
https://www.stubhub.com/chris-brown-new-orleans-tickets-10-16-2025/event/157970567/?quantity=0,9721860921,157970567,114,114,5,,,,,3
https://www.stubhub.com/chris-brown-new-orleans-tickets-10-16-2025/event/157970567/?quantity=0,9516698945,157970567,115,115,14,,,,,2
https://www.stubhub.com/chris-brown-new-orleans-tickets-10-16-2025/event/157970567/?quantity=0,9746777828,157970567,142,142,7,,,,,3
https://www.stubhub.com/chris-brown-new-orleans-tickets-10-16-2025/event/157970567/?quantity=0,9737450006,157970567,H,H,16,,,,,1
https://www.stubhub.com/chris-brown-new-orleans-tickets-10-16-2025/event/157970567/?quantity=0,9737209817,157970567,K,K,,,,,,1
https://www.stubhub.com/chris-brown-new-orleans-tickets-10-16-2025/event/157970567/?quantity=0,9739669265,157970567,A,A,1,3_4,,,3,2
https://www.stubhub.com/chris-brown-new-orleans-tickets-10-16-2025/event/157970567/?quantity=0,9609396665,157970567,269,269,2,2_2,,,2,1
https://www.stubhub.com/chris-brown-new-orleans-tickets-10-16-2025/event/157970567/?quantity=0,9723165421,157970567,K,K,7,3_3,3,3,3,1
https://www.stubhub.com/chris-brown-new-orleans-tickets-10-16-2025/event/157970567/?quantity=0,9739191500,157970567,G,G,4,,,,,4
https://www.stubhub.com/chris-brown-new-orleans-tickets-10-16-2025/event/157970567/?quantity=0,9711253029,157970567,G,G,2,,,,,5
https://www.stubhub.com/chris-brown-new-orleans-tickets-10-16-2025/event/157970567/?quantity=0,9742371318,157970567,P,P,7,,,,,2
https://www.stubhub.com/chris-brown-new-orleans-tickets-10-16-2025/event/157970567/?quantity=0,9742371349,157970567,E,E,10,,,,,1
https://www.stubhub.com/chris-brown-new-orleans-tickets-10-16-2025/event/157970567/?quantity=0,9742371327,157970567,E,E,16,,,,,1
https://www.stubhub.com/chris-brown-new-orleans-tickets-10-16-2025/event/157970567/?quantity=0,9728460655,157970567,H,H,1,,,,,8
https://www.stubhub.com/chris-brown-new-orleans-tickets-10-16-2025/event/157970567/?quantity=0,9513354177,157970567,L,L,1,,,,,3
https://www.stubhub.com/chris-brown-new-orleans-tickets-10-16-2025/event/157970567/?quantity=0,9631476328,157970567,B,B,14,,,,,8
https://www.stubhub.com/chris-brown-new-orleans-tickets-10-16-2025/event/157970567/?quantity=0,9631476363,157970567,C,C,20,,,,,3
https://www.stubhub.com/chris-brown-new-orleans-tickets-10-16-2025/event/157970567/?quantity=0,9746238232,157970567,D,D,20,,,,,5
https://www.stubhub.com/chris-brown-new-orleans-tickets-10-16-2025/event/157970567/?quantity=0,9197865818,157970567,FIELD TBD,,,104_107,,,104,4
https://www.stubhub.com/chris-brown-new-orleans-tickets-10-16-2025/event/157970567/?quantity=0,9452657815,157970567,142,142,1,11_22,,,11,12
https://www.stubhub.com/chris-brown-new-orleans-tickets-10-16-2025/event/157970567/?quantity=0,9608925222,157970567,R,R,1,31_32,,,31,2
https://www.stubhub.com/chris-brown-new-orleans-tickets-10-16-2025/event/157970567/?quantity=0,9682617135,157970567,D,D,15,,,,,7
https://www.stubhub.com/chris-brown-new-orleans-tickets-10-16-2025/event/157970567/?quantity=0,9735278622,157970567,C,C,16,,,,,8
https://www.stubhub.com/chris-brown-new-orleans-tickets-10-16-2025/event/157970567/?quantity=0,9631476342,157970567,C,C,17,,,,,5
https://www.stubhub.com/chris-brown-new-orleans-tickets-10-16-2025/event/157970567/?quantity=0,9735278618,157970567,C,C,19,,,,,4
https://www.stubhub.com/chris-brown-new-orleans-tickets-10-16-2025/event/157970567/?quantity=0,9753947285,157970567,D,D,19,,,,,8
https://www.stubhub.com/chris-brown-new-orleans-tickets-10-16-2025/event/157970567/?quantity=0,9738890864,157970567,D,D,14,,,,,2
https://www.stubhub.com/chris-brown-new-orleans-tickets-10-16-2025/event/157970567/?quantity=0,9738941256,157970567,P,P,5,2_3,,,2,2
https://www.stubhub.com/chris-brown-new-orleans-tickets-10-16-2025/event/157970567/?quantity=0,9223209148,157970567,J,J,9,10_11,10,11,10,2
https://www.stubhub.com/chris-brown-new-orleans-tickets-10-16-2025/event/157970567/?quantity=0,9752601187,157970567,J,J,8,,,,,8
https://www.stubhub.com/chris-brown-new-orleans-tickets-10-16-2025/event/157970567/?quantity=0,9689573962,157970567,E,E,9,,,,,8
https://www.stubhub.com/chris-brown-new-orleans-tickets-10-16-2025/event/157970567/?quantity=0,9631517247,157970567,B,B,10,,,,,6
https://www.stubhub.com/chris-brown-new-orleans-tickets-10-16-2025/event/157970567/?quantity=0,9751178431,157970567,B,B,12,,,,,8
https://www.stubhub.com/chris-brown-new-orleans-tickets-10-16-2025/event/157970567/?quantity=0,9641310286,157970567,J,J,6,,,,,5
https://www.stubhub.com/chris-brown-new-orleans-tickets-10-16-2025/event/157970567/?quantity=0,9733850833,157970567,K,K,6,,,,,8
https://www.stubhub.com/chris-brown-new-orleans-tickets-10-16-2025/event/157970567/?quantity=0,9631517243,157970567,B,B,6,,,,,8
https://www.stubhub.com/chris-brown-new-orleans-tickets-10-16-2025/event/157970567/?quantity=0,9678161875,157970567,B,B,8,,,,,8
https://www.stubhub.com/chris-brown-new-orleans-tickets-10-16-2025/event/157970567/?quantity=0,9608925033,157970567,152,152,14,23_24,,,23,2
https://www.stubhub.com/chris-brown-new-orleans-tickets-10-16-2025/event/157970567/?quantity=0,9633858642,157970567,E,E,8,,,,,2
https://www.stubhub.com/chris-brown-new-orleans-tickets-10-16-2025/event/157970567/?quantity=0,9751178435,157970567,K,K,4,,,,,8
https://www.stubhub.com/chris-brown-new-orleans-tickets-10-16-2025/event/157970567/?quantity=0,9706155709,157970567,D,D,6,,,,,8
https://www.stubhub.com/chris-brown-new-orleans-tickets-10-16-2025/event/157970567/?quantity=0,9728508354,157970567,D,D,8,,,,,5
https://www.stubhub.com/chris-brown-new-orleans-tickets-10-16-2025/event/157970567/?quantity=0,9663987873,157970567,C,C,9,,,,,3
https://www.stubhub.com/chris-brown-new-orleans-tickets-10-16-2025/event/157970567/?quantity=0,9631517238,157970567,D,D,10,,,,,8
https://www.stubhub.com/chris-brown-new-orleans-tickets-10-16-2025/event/157970567/?quantity=0,9635154485,157970567,C,C,10,,,,,4
https://www.stubhub.com/chris-brown-new-orleans-tickets-10-16-2025/event/157970567/?quantity=0,9608926595,157970567,104,104,12,25_26,,,25,2
https://www.stubhub.com/chris-brown-new-orleans-tickets-10-16-2025/event/157970567/?quantity=0,9608926314,157970567,301,301,10,1_4,,,1,4
https://www.stubhub.com/chris-brown-new-orleans-tickets-10-16-2025/event/157970567/?quantity=0,9755336133,157970567,C,C,8,9001_9002,,,9001,2
https://www.stubhub.com/chris-brown-new-orleans-tickets-10-16-2025/event/157970567/?quantity=0,9665416804,157970567,J,J,3,10_16,,,10,7
https://www.stubhub.com/chris-brown-new-orleans-tickets-10-16-2025/event/157970567/?quantity=0,9753422623,157970567,E,E,5,,,,,8
https://www.stubhub.com/chris-brown-new-orleans-tickets-10-16-2025/event/157970567/?quantity=0,9755082200,157970567,B,B,5,,,,,8
https://www.stubhub.com/chris-brown-new-orleans-tickets-10-16-2025/event/157970567/?quantity=0,9694207456,157970567,K,K,2,,,,,3
https://www.stubhub.com/chris-brown-new-orleans-tickets-10-16-2025/event/157970567/?quantity=0,9666267229,157970567,E,E,3,,,,,8
https://www.stubhub.com/chris-brown-new-orleans-tickets-10-16-2025/event/157970567/?quantity=0,9737789703,157970567,B,B,3,,,,,8
https://www.stubhub.com/chris-brown-new-orleans-tickets-10-16-2025/event/157970567/?quantity=0,9731441991,157970567,Floor,Floor,1,,,,,2
https://www.stubhub.com/chris-brown-new-orleans-tickets-10-16-2025/event/157970567/?quantity=0,9608926448,157970567,M,M,1,15_16,,,15,2
https://www.stubhub.com/chris-brown-new-orleans-tickets-10-16-2025/event/157970567/?quantity=0,9497478187,157970567,B,B,1,,,,,2
https://www.stubhub.com/chris-brown-new-orleans-tickets-10-16-2025/event/157970567/?quantity=0,9599569245,157970567,E,E,1,,,,,7
https://www.stubhub.com/chris-brown-new-orleans-tickets-10-16-2025/event/157970567/?quantity=0,9609396688,157970567,P,P,3,17_17,,,17,1
https://www.stubhub.com/chris-brown-new-orleans-tickets-10-16-2025/event/157970567/?quantity=0,9557558683,157970567,D,D,5,1_2,1,2,1,2
https://www.stubhub.com/chris-brown-new-orleans-tickets-10-16-2025/event/157970567/?quantity=0,9452657800,157970567,C,C,1,1_2,,,1,2
https://www.stubhub.com/chris-brown-new-orleans-tickets-10-16-2025/event/157970567/?quantity=0,9294121764,157970567,K,K,1,11_12,11,12,11,2
